{
    "installed": {
        "client_id": "534885382543-jps4050gvcci2n2rs22d5oj9s2ldk05q.apps.googleusercontent.com",
        "project_id": "webchat789",
        "auth_uri": "https://accounts.google.com/o/oauth2/auth",
        "token_uri": "https://oauth2.googleapis.com/token",
        "auth_provider_x509_cert_url": "https://www.googleapis.com/oauth2/v1/certs",
        "client_secret": "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",
        "redirect_uris": [
            "http://localhost"
        ]
    }
}